0,381,259,135,157,121,237,458,258,410,433,
1,58,198,433,15,274,271,152,94,171,60,132,488,
2,443,371,316,472,
3,335,151,207,93,341,435,196,
4,230,473,8,417,62,198,374,177,185,356,412,416,469,
5,14,200,
6,172,168,349,266,89,187,331,249,489,
7,188,61,13,273,245,340,426,453,
8,4,95,383,
9,116,190,290,285,155,71,445,459,463,
10,63,25,69,327,155,448,154,214,455,
11,26,265,342,438,305,325,457,
12,20,169,296,267,324,449,141,487,
13,319,7,134,245,457,458,495,
14,324,92,5,424,339,126,253,
15,1,48,382,254,487,494,
16,198,57,269,453,27,91,274,291,196,217,434,436,
17,183,67,97,
18,375,121,422,49,433,184,400,
19,269,271,72,247,31,158,243,367,388,468,
20,322,83,334,12,110,217,174,45,
21,189,59,267,238,23,421,377,
22,433,152,95,366,231,147,211,181,140,
23,368,21,37,310,60,112,457,475,
24,290,255,494,205,257,82,159,288,456,
25,65,301,10,280,285,225,282,454,478,
26,425,11,290,162,108,312,211,236,
27,16,293,254,325,281,
28,223,191,104,282,296,31,363,392,
29,114,70,65,378,367,376,459,464,497,
30,219,248,273,467,225,365,372,422,409,435,456,459,480,
31,28,108,227,111,361,19,396,263,307,392,358,
32,342,302,45,67,451,248,112,127,167,213,
33,183,349,38,
34,177,123,219,409,69,244,361,395,437,458,
35,467,408,64,304,205,98,260,42,351,345,438,393,
36,307,159,102,401,267,92,223,460,492,
37,378,252,213,401,23,439,397,399,
38,33,383,175,74,169,174,143,48,86,423,480,
39,241,254,
40,272,92,286,158,166,126,347,397,
41,359,99,307,347,155,98,336,
42,248,35,292,287,58,
43,392,421,153,225,338,369,488,
44,461,360,192,349,485,
45,32,330,371,80,318,20,306,302,469,
46,73,200,144,61,70,170,109,164,475,495,
47,335,176,104,74,103,215,413,345,488,491,499,
48,323,75,272,38,110,15,279,182,468,
49,263,291,72,207,18,60,104,66,68,
50,196,183,177,311,332,343,469,442,453,
51,154,400,337,287,452,278,390,332,432,
52,263,167,155,196,212,481,364,396,476,
53,184,146,453,231,119,
54,204,376,306,141,368,
55,192,159,221,186,296,322,442,417,480,
56,347,247,92,119,419,427,
57,356,417,105,173,16,188,
58,1,199,42,286,132,188,98,320,109,161,432,454,
59,418,21,419,385,348,413,498,
60,1,138,120,296,49,23,227,323,393,293,359,
61,391,96,7,86,330,267,46,113,170,273,180,428,
62,170,4,411,280,456,339,354,375,
63,10,328,303,392,390,372,130,76,80,242,472,495,
64,440,35,399,156,153,272,275,282,425,338,363,
65,302,241,29,132,232,110,262,25,223,181,404,473,467,
66,449,49,97,209,218,309,275,303,409,
67,32,407,119,447,261,258,17,237,
68,380,49,451,396,
69,438,34,356,10,98,402,85,135,458,290,79,170,
70,291,403,46,395,29,317,
71,360,209,469,9,282,189,343,78,253,331,306,327,
72,231,19,141,295,49,350,420,
73,228,180,46,327,316,332,
74,38,114,166,399,47,320,476,
75,213,201,471,113,48,328,
76,429,396,153,63,259,233,360,382,390,
77,268,360,411,252,151,321,
78,358,242,235,71,223,213,
79,112,413,69,115,90,238,461,379,470,488,
80,101,63,249,224,427,281,45,115,162,135,310,
81,103,91,268,183,97,384,173,
82,252,318,24,319,404,139,165,170,260,274,452,384,478,483,
83,196,168,137,20,124,400,417,
84,191,343,348,351,284,470,475,
85,199,326,69,270,221,254,
86,38,161,445,61,347,401,402,496,
87,190,488,440,
88,253,286,158,209,460,462,485,
89,6,123,438,398,158,415,105,125,397,
90,334,159,272,179,147,79,432,449,
91,489,150,343,123,158,16,81,129,341,448,96,447,
92,56,36,14,40,423,374,379,390,456,459,485,
93,3,140,440,363,261,227,295,334,464,
94,220,1,330,488,
95,342,114,8,22,417,488,
96,210,308,91,334,358,125,61,189,226,269,209,180,436,472,
97,66,413,17,81,273,178,369,
98,227,35,69,41,331,441,338,58,108,235,489,
99,41,264,247,194,212,360,414,
100,257,108,187,296,395,398,409,411,
101,401,353,198,445,80,232,282,346,388,
102,36,188,366,168,133,319,453,491,
103,390,81,317,47,303,
104,136,139,47,49,225,474,28,330,152,390,
105,451,219,57,440,244,414,89,353,427,483,
106,464,380,402,447,
107,294,451,470,274,385,392,
108,98,100,26,31,299,117,123,390,279,366,
109,435,46,177,58,161,353,266,387,394,
110,65,215,164,48,454,20,316,149,201,203,389,405,409,444,497,
111,203,304,186,174,181,31,404,426,437,
112,32,23,79,177,192,347,462,490,
113,275,61,75,262,257,397,430,470,
114,95,213,263,74,250,29,192,198,219,431,282,311,382,376,453,472,474,
115,335,467,148,284,79,80,310,429,291,423,
116,166,332,260,9,200,161,257,493,
117,436,220,108,387,426,475,
118,124,321,152,178,428,433,
119,200,67,439,56,53,138,
120,305,60,198,149,298,369,395,425,
121,0,291,18,135,157,
122,289,155,239,433,376,404,
123,34,108,91,89,208,378,282,370,361,291,304,358,
124,259,160,300,118,83,233,408,413,438,
125,96,323,315,308,89,453,285,304,282,
126,40,220,239,14,413,
127,32,328,320,449,
128,166,350,150,203,136,400,409,469,
129,274,252,333,91,331,
130,392,245,168,63,142,495,
131,195,213,279,
132,1,65,449,265,455,58,385,195,444,
133,290,232,102,351,409,318,481,349,495,
134,209,248,13,484,
135,0,69,80,443,430,121,148,370,
136,128,366,104,
137,347,411,83,201,304,316,321,404,
138,317,256,119,60,
139,377,307,323,104,383,258,82,146,218,254,255,403,270,389,490,
140,298,93,282,22,289,236,
141,54,474,72,287,12,313,344,345,
142,130,375,
143,38,433,212,304,159,196,467,
144,383,289,46,310,463,
145,376,258,286,301,410,424,
146,294,53,341,139,419,
147,22,180,278,90,393,471,
148,305,115,135,289,280,490,
149,385,264,452,110,240,120,346,471,
150,128,242,370,219,300,178,91,419,260,441,454,486,
151,230,3,77,470,
152,1,118,22,104,190,423,322,356,490,
153,64,316,43,76,402,390,
154,214,51,175,335,251,244,10,
155,41,9,10,190,451,52,327,169,122,405,415,416,
156,64,298,457,
157,0,184,167,219,204,121,480,
158,40,175,19,432,330,88,89,91,309,
159,415,90,36,291,183,256,143,370,55,24,249,
160,350,124,246,371,426,233,487,
161,286,172,86,109,58,222,116,476,
162,242,26,192,297,80,423,
163,220,438,379,360,282,258,330,335,491,
164,46,467,290,339,222,110,460,
165,82,169,296,305,335,406,428,433,435,
166,128,321,40,74,446,116,453,199,276,438,
167,32,461,220,272,52,382,157,285,254,443,
168,130,246,102,6,349,267,83,183,304,243,490,
169,165,38,155,12,260,262,410,307,448,
170,235,203,62,69,230,46,379,82,61,341,
171,1,454,461,
172,161,369,6,409,494,
173,57,259,81,287,320,325,371,337,359,420,431,454,492,
174,20,260,203,38,111,185,398,437,473,
175,252,374,38,154,158,462,473,497,
176,415,322,370,221,47,312,
177,311,34,238,269,4,412,109,112,50,
178,97,118,479,215,150,307,316,333,339,363,394,
179,350,210,90,402,189,195,338,263,281,301,480,486,
180,96,263,61,73,147,358,364,374,466,497,
181,270,65,433,111,22,421,
182,395,215,48,484,344,
183,33,168,81,17,50,334,159,374,442,469,
184,438,210,189,18,53,465,157,455,400,
185,4,174,302,249,218,273,290,299,396,368,387,
186,224,111,330,55,
187,6,100,316,416,482,412,479,
188,102,7,251,397,57,58,445,
189,96,208,301,406,71,278,264,179,21,191,284,184,370,397,
190,391,278,9,246,247,87,152,155,316,348,351,453,
191,268,189,28,84,281,318,202,362,489,
192,291,162,287,366,44,112,114,55,342,448,
193,463,336,373,438,
194,236,224,99,352,455,
195,291,131,132,288,179,257,418,462,
196,3,261,143,16,50,83,52,441,253,
197,327,475,495,
198,1,4,101,300,16,114,120,259,411,469,478,
199,166,370,58,85,234,200,306,221,328,441,462,
200,5,209,199,463,46,409,116,244,119,239,207,372,381,
201,137,75,409,110,228,248,368,450,469,
202,345,191,339,470,
203,128,262,330,393,170,110,174,111,265,301,347,214,374,486,452,463,
204,241,413,328,54,157,
205,314,35,24,290,459,273,496,
206,290,470,293,281,435,
207,49,3,268,267,405,200,233,382,298,318,341,459,466,469,498,
208,189,300,488,244,266,271,123,
209,96,66,218,134,71,200,88,423,285,288,313,385,475,370,383,
210,96,307,380,179,184,393,
211,263,26,22,420,423,
212,331,99,363,379,143,52,450,474,
213,32,114,131,37,75,274,78,264,336,
214,154,275,459,405,256,10,203,397,470,489,
215,182,410,406,110,47,178,444,473,
216,294,383,305,271,
217,359,464,16,20,286,235,353,
218,66,139,209,185,398,289,314,
219,34,105,248,364,114,150,157,30,359,276,439,460,
220,163,167,117,94,457,126,485,
221,293,199,176,85,55,241,252,261,278,405,430,484,
222,161,164,466,234,367,225,325,347,
223,65,269,36,28,78,
224,194,370,186,80,244,304,313,242,340,308,
225,104,43,30,222,247,258,386,25,
226,96,257,446,340,
227,98,378,31,93,294,276,60,497,
228,339,73,201,
229,269,352,399,443,
230,4,312,170,411,456,151,287,265,495,
231,396,72,53,22,280,370,242,358,463,
232,65,480,101,133,243,237,359,
233,160,417,249,76,207,343,238,124,323,
234,395,199,350,283,222,313,
235,98,433,253,170,78,217,475,
236,194,26,318,140,264,262,298,304,367,408,489,
237,0,67,232,243,287,
238,177,233,21,404,79,
239,389,200,412,334,126,122,333,382,484,
240,149,339,461,470,478,
241,65,448,321,412,39,204,405,221,318,403,387,391,498,
242,224,355,162,231,78,451,276,150,63,323,328,334,346,382,378,
243,168,232,352,237,282,19,424,481,
244,224,269,34,200,105,208,332,154,345,249,
245,13,130,7,426,
246,160,342,168,190,458,403,
247,225,99,19,341,56,257,370,190,326,469,
248,261,30,32,219,134,201,42,401,283,454,
249,244,326,308,6,159,233,185,80,465,
250,424,296,114,495,
251,154,188,467,473,
252,129,37,221,77,379,175,82,356,407,459,
253,88,430,196,71,235,14,410,499,
254,419,366,167,39,424,27,139,15,85,
255,24,416,349,318,139,448,
256,159,138,214,428,
257,24,247,226,195,100,369,113,116,481,
258,0,225,67,163,414,139,145,
259,0,198,76,173,124,421,380,384,397,
260,150,35,332,169,116,174,82,393,456,
261,67,196,301,93,248,221,465,
262,65,316,169,203,113,236,384,446,495,
263,31,49,114,211,282,179,52,180,423,
264,331,99,292,189,213,236,491,149,
265,280,132,230,11,448,203,349,365,
266,282,6,109,208,394,
267,36,168,12,207,21,283,61,423,446,
268,77,207,81,440,191,330,
269,96,229,16,177,19,244,369,223,326,297,498,
270,139,340,181,85,409,316,399,444,476,
271,312,1,320,208,19,216,422,440,446,453,
272,64,167,40,48,90,291,300,469,444,481,
273,97,7,205,185,61,30,414,
274,355,1,129,213,82,329,107,16,
275,64,300,66,214,113,408,455,
276,349,227,294,166,424,242,219,490,498,
277,329,294,383,480,486,
278,190,147,51,221,418,343,189,414,496,
279,131,409,108,48,434,338,293,
280,365,353,231,265,148,372,25,62,
281,206,27,80,341,179,191,455,467,
282,64,163,101,71,263,266,140,114,243,372,25,123,28,125,314,431,452,463,
283,234,267,286,248,
284,390,346,115,84,317,330,304,468,292,189,
285,342,167,9,209,295,25,125,442,445,461,
286,161,217,40,450,313,283,58,145,88,415,469,
287,192,230,479,42,141,237,173,318,51,307,380,383,391,439,444,473,
288,195,341,382,289,209,345,24,421,
289,288,371,336,343,140,144,148,218,122,495,
290,343,363,164,69,133,9,322,205,206,24,185,26,314,451,473,
291,192,195,303,70,123,272,16,49,115,159,121,399,439,409,420,481,
292,297,264,42,327,284,423,
293,303,206,452,279,27,60,221,362,423,
294,227,107,146,276,277,216,359,316,426,388,463,498,
295,72,285,93,355,338,387,401,429,461,
296,100,165,392,12,28,55,429,250,60,359,425,
297,162,407,292,269,412,
298,156,408,303,236,140,120,207,353,444,
299,108,332,185,325,341,418,432,438,463,
300,198,208,272,275,150,124,371,443,489,
301,446,261,203,145,189,179,25,
302,32,65,185,45,446,471,
303,66,291,293,103,298,350,63,448,422,
304,224,123,35,168,137,125,236,143,111,473,284,400,440,
305,216,165,402,320,11,148,120,
306,199,71,45,54,434,492,
307,36,169,41,139,287,178,210,31,363,437,454,461,
308,96,224,467,367,249,125,335,341,358,444,488,
309,66,448,158,366,397,
310,432,144,80,115,461,23,
311,177,50,114,448,
312,26,271,230,176,474,
313,224,234,141,209,402,286,429,339,349,373,448,451,462,469,470,
314,290,282,205,218,485,
315,125,
316,2,294,262,73,137,317,110,270,178,187,153,190,478,
317,387,316,70,103,138,401,284,377,
318,133,389,236,287,45,207,444,241,82,398,255,191,386,
319,13,82,102,370,
320,74,127,173,271,452,305,58,342,
321,166,137,77,118,241,494,
322,330,290,152,380,176,20,55,357,361,371,445,461,499,
323,426,233,139,48,242,368,60,125,343,351,360,387,405,
324,344,12,14,376,
325,414,299,11,27,173,222,489,463,472,
326,247,413,269,443,430,249,85,380,385,494,
327,292,197,71,73,10,445,365,155,344,441,463,483,
328,333,199,75,204,242,127,63,354,355,359,397,492,
329,353,274,277,405,332,
330,322,163,94,104,203,268,45,158,61,186,284,
331,212,129,98,386,6,71,264,479,
332,480,260,244,73,329,299,369,50,51,116,
333,129,328,239,178,441,443,481,
334,96,239,242,20,183,90,93,385,447,482,
335,3,163,165,154,47,115,308,
336,289,193,41,375,213,
337,479,51,351,173,484,
338,64,98,466,295,43,362,179,279,491,
339,62,164,228,313,202,14,240,178,
340,224,226,7,270,436,448,482,
341,288,3,91,170,299,207,146,308,247,281,427,481,
342,32,320,192,11,246,285,95,356,450,478,
343,289,418,290,323,361,71,233,50,84,278,91,346,357,490,
344,324,327,452,141,353,182,497,
345,288,35,202,141,47,244,425,381,
346,284,101,242,149,343,366,395,
347,222,40,41,137,203,112,86,56,363,496,
348,84,487,59,190,357,361,
349,33,133,6,168,431,265,44,276,313,255,494,
350,128,160,484,72,234,303,179,374,
351,323,35,133,337,84,401,190,481,485,
352,194,229,243,373,385,
353,101,105,329,298,109,217,280,344,467,496,
354,328,62,359,367,423,440,483,
355,295,328,242,274,390,388,
356,4,69,252,342,152,57,379,441,
357,322,401,343,348,389,
358,96,231,78,180,308,31,123,444,494,
359,354,294,467,232,296,328,41,173,420,217,219,60,496,
360,457,163,323,99,71,44,76,77,
361,322,34,31,408,343,123,348,499,
362,437,293,392,338,191,
363,64,290,93,178,307,212,347,28,381,388,406,412,444,448,475,498,
364,219,389,180,52,432,
365,327,430,265,30,280,
366,192,254,102,136,108,384,309,22,346,437,464,
367,354,236,19,29,308,222,
368,185,323,201,494,54,23,490,495,
369,257,97,43,172,332,269,388,120,
370,224,231,199,135,176,209,319,150,247,378,123,189,159,
371,160,289,2,322,300,173,45,388,460,484,486,494,
372,387,200,30,280,282,63,
373,352,313,193,
374,416,4,203,175,180,183,92,350,
375,142,336,18,62,435,470,
376,324,145,114,54,122,29,398,426,427,
377,139,21,317,462,
378,227,37,29,242,370,123,481,485,
379,163,252,356,170,79,92,212,
380,322,259,68,326,106,287,392,210,466,468,
381,0,200,363,345,401,389,492,
382,288,167,426,76,207,15,239,114,242,
383,216,287,38,8,139,144,277,209,
384,259,400,262,430,366,81,82,471,488,
385,352,132,326,107,448,334,209,149,59,481,
386,225,331,318,
387,406,323,185,295,109,241,411,372,117,317,
388,355,101,294,363,369,371,19,428,
389,357,318,139,364,110,239,381,453,473,
390,355,103,104,391,76,108,51,448,153,92,284,63,
391,390,408,241,61,190,287,401,433,446,482,
392,130,296,362,43,107,465,28,380,31,63,
393,35,260,60,203,416,210,147,480,
394,178,455,266,109,
395,120,34,100,396,459,70,234,412,346,182,
396,68,231,395,76,414,52,185,31,
397,435,259,496,37,328,40,188,89,189,113,309,214,
398,218,100,174,318,410,376,89,417,
399,64,291,229,37,74,270,435,463,
400,384,128,184,304,492,18,83,51,414,
401,36,37,101,357,391,295,86,248,381,317,351,406,421,
402,69,106,305,179,86,313,153,421,442,451,488,
403,246,70,241,139,
404,65,137,238,111,122,82,449,486,
405,323,221,329,110,207,241,155,214,
406,387,461,165,363,401,215,189,
407,67,297,252,
408,35,391,361,298,236,124,275,
409,128,34,66,291,100,133,200,201,172,110,270,279,30,412,488,
410,0,169,398,145,215,253,
411,387,100,198,230,137,77,62,430,
412,4,409,297,363,395,489,187,177,239,241,480,484,
413,97,326,204,47,79,59,126,124,465,
414,258,99,325,105,396,400,273,278,445,467,475,
415,176,89,155,286,159,
416,479,4,393,155,255,374,187,
417,4,57,233,398,83,55,95,
418,195,299,278,343,59,
419,468,146,150,56,59,254,
420,291,359,72,211,173,490,
421,288,259,43,401,402,181,21,446,
422,30,303,271,18,
423,162,354,292,293,38,263,92,267,209,211,115,152,
424,14,145,243,276,250,254,496,
425,64,446,296,120,345,26,460,488,
426,160,376,382,323,294,7,111,117,245,
427,105,460,80,56,341,376,
428,256,388,165,118,61,
429,295,296,76,115,313,471,490,
430,384,326,135,365,221,113,411,253,
431,173,445,114,282,349,480,
432,299,364,51,310,459,90,58,158,
433,0,1,165,391,235,143,18,181,122,22,118,
434,279,16,306,478,
435,3,165,109,397,206,399,375,30,476,
436,96,16,117,340,484,
437,471,307,34,362,366,174,111,
438,193,163,35,69,166,299,11,124,460,184,89,
439,291,37,287,475,119,219,443,
440,64,354,105,268,271,304,87,93,
441,98,356,196,327,199,476,333,150,498,
442,50,402,285,55,183,
443,2,229,326,167,135,300,333,439,459,471,487,
444,132,358,298,363,270,110,272,308,215,287,458,318,
445,322,101,327,9,431,459,86,188,285,414,
446,226,421,166,262,391,459,425,267,301,302,271,
447,67,106,334,91,
448,192,385,390,265,169,255,10,363,303,241,340,309,311,313,91,
449,66,132,12,404,90,455,127,
450,201,212,342,286,457,
451,32,290,68,105,107,402,242,313,155,477,482,
452,320,293,203,282,82,51,149,344,488,
453,125,389,166,102,7,190,271,16,114,50,53,486,
454,171,173,58,110,307,150,248,25,
455,449,194,132,10,394,275,184,281,466,
456,260,230,24,92,62,30,493,
457,450,360,11,220,13,23,156,485,
458,0,34,69,13,246,444,
459,9,395,205,207,432,214,465,443,92,252,445,29,446,30,
460,164,36,425,427,371,438,88,219,
461,322,295,167,171,44,79,240,307,406,310,285,473,
462,195,199,175,112,88,377,313,
463,193,325,294,327,231,200,9,203,299,399,144,282,
464,106,366,217,29,93,465,
465,261,392,459,464,184,249,413,
466,455,207,338,180,380,222,478,
467,65,353,35,164,359,143,115,308,281,251,414,30,
468,419,380,48,19,284,
469,128,4,198,71,201,45,207,272,50,247,183,313,286,
470,202,107,206,79,240,113,84,214,375,151,313,
471,384,75,429,302,147,149,437,443,
472,96,2,325,114,63,493,
473,287,65,290,4,389,461,174,175,304,215,251,
474,104,141,114,212,312,479,493,
475,197,363,235,46,414,209,84,117,23,439,
476,161,74,270,435,52,441,
477,451,499,
478,198,240,434,466,82,342,25,316,
479,416,331,337,178,287,474,187,
480,38,232,393,332,431,179,277,55,412,157,30,492,
481,257,385,291,133,333,272,243,52,341,378,351,
482,451,391,334,340,187,
483,354,327,105,82,
484,134,239,337,371,436,182,412,221,350,498,
485,457,44,351,88,314,378,92,220,
486,453,203,179,371,404,277,150,
487,160,12,15,443,348,493,
488,384,1,452,425,43,47,79,208,402,308,87,409,94,95,
489,98,325,6,300,236,214,91,412,191,
490,420,168,139,429,112,368,276,148,343,152,
491,163,102,264,47,338,
492,480,36,381,328,173,400,306,
493,487,456,116,472,474,498,
494,321,358,326,172,15,368,371,24,349,495,
495,289,130,133,197,262,230,13,46,494,368,250,63,
496,353,359,424,205,397,86,278,347,
497,227,110,175,180,344,29,
498,484,294,363,493,269,207,241,276,441,59,
499,322,361,47,477,253,
